study	individual	group	count	intervention	measurement_type	substance	tissue	method	label	time	time_unit	value	mean	mean_pm	mean_sd	mean_se	comments	timeraw	mean_unit	value_unit
Furihata2022		cohort2	12.0	TIR2_5_two, TIR5_two, TIR10_four	concentration	tirzepatide	plasma	HPLC MS/MS	tirzepatide_10_multi	0.0	hr		0.0001441133899724036	878.378378378378	3.8367850577068326e-05	1.1075844429448884e-05	B week 8	0.872727272727275	mole/meter^3	ng/ml
Furihata2022		cohort2	12.0	TIR2_5_two, TIR5_two, TIR10_four	concentration	tirzepatide	plasma	HPLC MS/MS	tirzepatide_10_multi	8.0	hr		0.0002695107552730669	1585.58558558558	5.9891278949568576e-05	1.7289123011822205e-05	B week 8	9.60000000000002	mole/meter^3	ng/ml
Furihata2022		cohort2	12.0	TIR2_5_two, TIR5_two, TIR10_four	concentration	tirzepatide	plasma	HPLC MS/MS	tirzepatide_10_multi	24.0	hr		0.00031349341325165726	1761.26126126126	5.2404869080873546e-05	1.5127982635344706e-05	B week 8	24.4363636363636	mole/meter^3	ng/ml
Furihata2022		cohort2	12.0	TIR2_5_two, TIR5_two, TIR10_four	concentration	tirzepatide	plasma	HPLC MS/MS	tirzepatide_10_multi	48.0	hr		0.0003003921959814394	1644.14414414414	4.1175254277827884e-05	1.1886272070627608e-05	B week 8	48.8727272727273	mole/meter^3	ng/ml
Furihata2022		cohort2	12.0	TIR2_5_two, TIR5_two, TIR10_four	concentration	tirzepatide	plasma	HPLC MS/MS	tirzepatide_10_multi	168.0	hr		0.00015534300477544803	950.45045045045	4.211105551141647e-05	1.21564146176878e-05	B week 8	166.690909090909	mole/meter^3	ng/ml
Furihata2022		cohort2	12.0	TIR2_5_two, TIR5_two, TIR10_four	concentration	tirzepatide	plasma	HPLC MS/MS	tirzepatide_10_multi	336.0	hr		5.427647154804803e-05	355.855855855856	1.9651825905327837e-05	5.67299348825435e-06	B week 8	334.254545454546	mole/meter^3	ng/ml
Furihata2022		cohort2	12.0	TIR2_5_two, TIR5_two, TIR10_four	concentration	tirzepatide	plasma	HPLC MS/MS	tirzepatide_10_multi	840.0	hr		6.550608635109163e-06	31.5315315315311	0.0	0.0	B week 8	834.327272727273	mole/meter^3	ng/ml
