study	individual	group	count	intervention	measurement_type	substance	tissue	method	label	time	time_unit	value	mean	mean_pm	mean_sd	mean_se	comments	timeraw	mean_unit	value_unit
Furihata2022		cohort1	11.0	TIR5_seven	concentration	tirzepatide	plasma	HPLC MS/MS	tirzepatide_5_multi	0.0	hr		8.047890608848501e-05	527.027027027027	2.900983824119819e-05	8.746795334087084e-06	B week 8	0.872727272727275	mole/meter^3	ng/ml
Furihata2022		cohort1	11.0	TIR5_seven	concentration	tirzepatide	plasma	HPLC MS/MS	tirzepatide_5_multi	8.0	hr		0.00013569117887012017	824.324324324324	3.556044687630733e-05	1.0721878151461557e-05	B week 8	8.72727272727272	mole/meter^3	ng/ml
Furihata2022		cohort1	11.0	TIR5_seven	concentration	tirzepatide	plasma	HPLC MS/MS	tirzepatide_5_multi	24.0	hr		0.00016657261957849244	995.495495495495	4.0239453044242406e-05	1.2132651592443316e-05	B week 8	24.4363636363636	mole/meter^3	ng/ml
Furihata2022		cohort1	11.0	TIR5_seven	concentration	tirzepatide	plasma	HPLC MS/MS	tirzepatide_5_multi	48.0	hr		0.00017031582451284058	977.477477477477	3.275304317554612e-05	9.875414086872455e-06	B week 8	48.8727272727273	mole/meter^3	ng/ml
Furihata2022		cohort1	11.0	TIR5_seven	concentration	tirzepatide	plasma	HPLC MS/MS	tirzepatide_5_multi	168.0	hr		8.141470732207215e-05	454.954954954955	1.310121727021849e-05	3.95016563474899e-06	B week 8	166.690909090909	mole/meter^3	ng/ml
Furihata2022		cohort1	11.0	TIR5_seven	concentration	tirzepatide	plasma	HPLC MS/MS	tirzepatide_5_multi	336.0	hr		3.181724194195919e-05	153.153153153153	0.0	0.0	B week 8	332.509090909091	mole/meter^3	ng/ml
Furihata2022		cohort1	11.0	TIR5_seven	concentration	tirzepatide	plasma	HPLC MS/MS	tirzepatide_5_multi	840.0	hr		1.8716024671740451e-06	9.00900900900888	0.0	0.0	B week 8	833.454545454546	mole/meter^3	ng/ml
