study	individual	group	count	intervention	measurement_type	substance	tissue	method	label	time	time_unit	value	mean	mean_pm	mean_sd	mean_se	comments	timeraw	mean_unit	value_unit
Furihata2022		cohort1	12.0	TIR5	concentration	tirzepatide	plasma	HPLC MS/MS	tirzepatide_5	0.0	hr		0.0	0.0	0.0	0.0	A week1	0.0	mole/meter^3	ng/ml
Furihata2022		cohort1	12.0	TIR5	concentration	tirzepatide	plasma	HPLC MS/MS	tirzepatide_5	8.0	hr		3.210648959597712e-05	207.692307692308	1.1041145743412886e-05	3.187304233560651e-06	A week1	8.06068507763423	mole/meter^3	ng/ml
Furihata2022		cohort1	12.0	TIR5	concentration	tirzepatide	plasma	HPLC MS/MS	tirzepatide_5	24.0	hr		4.184013123819623e-05	249.65034965035	1.0024198109151357e-05	2.8937367383643427e-06	A week1	23.9971553869859	mole/meter^3	ng/ml
Furihata2022		cohort1	12.0	TIR5	concentration	tirzepatide	plasma	HPLC MS/MS	tirzepatide_5	48.0	hr		4.15495747712644e-05	242.657342657343	8.861972241423598e-06	2.5582310295684435e-06	A week1	47.863458575323	mole/meter^3	ng/ml
Furihata2022		cohort1	12.0	TIR5	concentration	tirzepatide	plasma	HPLC MS/MS	tirzepatide_5	72.0	hr		4.111374007086654e-05	229.370629370629	6.537520505968077e-06	1.8872196119766834e-06	A week1	72.001896408676	mole/meter^3	ng/ml
Furihata2022		cohort1	12.0	TIR5	concentration	tirzepatide	plasma	HPLC MS/MS	tirzepatide_5	168.0	hr		2.5568969090008842e-05	146.153846153846	4.7941817043766445e-06	1.3839610487829174e-06	A week1	168.510133933863	mole/meter^3	ng/ml
