study	individual	group	count	intervention	measurement_type	substance	tissue	method	label	time	time_unit	value	mean	mean_pm	mean_sd	mean_se	comments	timeraw	mean_unit	value_unit
Feng2023		cohort2	10.0	TIR2_5_four, TIR5_three	concentration	tirzepatide	plasma	HPLC MS/MS	tirzepatide_5_cohort2	0.0	hr		8.199684148788758e-05	480.550130208333	1.7836426344272298e-05	5.64037325657309e-06	.	0.0	mole/meter^3	ng/ml
Feng2023		cohort2	10.0	TIR2_5_four, TIR5_three	concentration	tirzepatide	plasma	HPLC MS/MS	tirzepatide_5_cohort2	8.0	hr		0.00017919268514023085	1034.423828125	3.5706665819055346e-05	1.1291439163869652e-05		7.29166666666666	mole/meter^3	ng/ml
Feng2023		cohort2	10.0	TIR2_5_four, TIR5_three	concentration	tirzepatide	plasma	HPLC MS/MS	tirzepatide_5_cohort2	24.0	hr		0.00019018195255613316	1102.94596354167	3.895272634806121e-05	1.2317933633312621e-05		23.3333333333333	mole/meter^3	ng/ml
Feng2023		cohort2	10.0	TIR2_5_four, TIR5_three	concentration	tirzepatide	plasma	HPLC MS/MS	tirzepatide_5_cohort2	48.0	hr		0.00017339373325768548	975.260416666667	2.921454476104528e-05	9.238450224984258e-06		47.3958333333333	mole/meter^3	ng/ml
Feng2023		cohort2	10.0	TIR2_5_four, TIR5_three	concentration	tirzepatide	plasma	HPLC MS/MS	tirzepatide_5_cohort2	72.0	hr		0.00015173642316573002	839.762369791667	2.2722423703035216e-05	7.185461286098864e-06		71.4583333333333	mole/meter^3	ng/ml
Feng2023		cohort2	10.0	TIR2_5_four, TIR5_three	concentration	tirzepatide	plasma	HPLC MS/MS	tirzepatide_5_cohort2	168.0	hr		8.458354597193887e-05	493.164062500002	1.7870239474782838e-05	5.651065907296479e-06		167.708333333333	mole/meter^3	ng/ml
