study	individual	group	count	intervention	measurement_type	substance	tissue	method	label	time	time_unit	value	mean	mean_pm	mean_sd	mean_se	comments	timeraw	mean_unit	value_unit
Feng2023		cohort1	10.0	TIR2_5_four, TIR5_three	concentration	tirzepatide	plasma	HPLC MS/MS	tirzepatide_5_cohort1	0.0	hr		9.545172582587779e-05	554.054054054054	1.965182590532763e-05	6.214453004193578e-06	.	0.0	mole/meter^3	ng/ml
Feng2023		cohort1	10.0	TIR2_5_four, TIR5_three	concentration	tirzepatide	plasma	HPLC MS/MS	tirzepatide_5_cohort1	8.0	hr		0.00018809604795099412	1067.56756756757	3.3688844409133883e-05	1.0653348007189261e-05		7.48201438848923	mole/meter^3	ng/ml
Feng2023		cohort1	10.0	TIR2_5_four, TIR5_three	concentration	tirzepatide	plasma	HPLC MS/MS	tirzepatide_5_cohort1	24.0	hr		0.00021617008495860519	1175.67567567568	2.807403700761209e-05	8.877790005991199e-06		24.1007194244605	mole/meter^3	ng/ml
Feng2023		cohort1	10.0	TIR2_5_four, TIR5_three	concentration	tirzepatide	plasma	HPLC MS/MS	tirzepatide_5_cohort1	48.0	hr		0.00018809604795099412	1033.78378378378	2.6670335157229824e-05	8.433900505691127e-06		47.0503597122303	mole/meter^3	ng/ml
Feng2023		cohort1	10.0	TIR2_5_four, TIR5_three	concentration	tirzepatide	plasma	HPLC MS/MS	tirzepatide_5_cohort1	72.0	hr		0.0001684442220456665	966.216216216217	3.228514255875286e-05	1.0209458506889565e-05		71.5827338129496	mole/meter^3	ng/ml
Feng2023		cohort1	10.0	TIR2_5_four, TIR5_three	concentration	tirzepatide	plasma	HPLC MS/MS	tirzepatide_5_cohort1	168.0	hr		0.00010387393692816099	628.378378378379	2.6670335157230657e-05	8.433900505691377e-06		168.129496402878	mole/meter^3	ng/ml
