study	individual	group	count	intervention	measurement_type	substance	tissue	method	label	time	time_unit	value	mean	mean_pm	mean_sd	mean_se	comments	timeraw	mean_unit	value_unit
Coskun2018		poc	53.0	TIR_poc0_5	concentration	tirzepatide	plasma	HPLC MS/MS	tirzepatide_poc0_5	0.0	hr	0.5	5.7853838289101936e-06	45.5696202531644	3.6816078911246993e-06	5.057077361628323e-07	low quality plot, FDA	0.0	mole/meter^3	ng/ml
Coskun2018		poc	53.0	TIR_poc0_5	concentration	tirzepatide	plasma	HPLC MS/MS	tirzepatide_poc0_5	8.0	hr	0.5	7.363215782249315e-06	45.5696202531644	2.103775937785578e-06	2.889758492359096e-07	low quality plot, FDA	7.42060567216794	mole/meter^3	ng/ml
Coskun2018		poc	53.0	TIR_poc0_5	concentration	tirzepatide	plasma	HPLC MS/MS	tirzepatide_poc0_5	24.0	hr	0.5	9.992935704481225e-06	65.8227848101265	3.6816078911247616e-06	5.057077361628386e-07	low quality plot, FDA	23.7692677455536	mole/meter^3	ng/ml
Coskun2018		poc	53.0	TIR_poc0_5	concentration	tirzepatide	plasma	HPLC MS/MS	tirzepatide_poc0_5	72.0	hr	0.5	9.992935704481225e-06	63.291139240506	3.1556639066783254e-06	4.334637738538581e-07	low quality plot, FDA	71.9717993911232	mole/meter^3	ng/ml
Coskun2018		poc	53.0	TIR_poc0_5	concentration	tirzepatide	plasma	HPLC MS/MS	tirzepatide_poc0_5	168.0	hr	0.5	4.733495860017447e-06	37.9746835443034	3.1556639066782424e-06	4.3346377385384563e-07	low quality plot, FDA	166.869411953213	mole/meter^3	ng/ml
Coskun2018		poc	53.0	TIR_poc0_5	concentration	tirzepatide	plasma	HPLC MS/MS	tirzepatide_poc0_5	336.0	hr	0.5	5.25943984446326e-07	12.6582278481008	2.103775937785495e-06	2.8897584923589705e-07	low quality plot, FDA	336.21535010415	mole/meter^3	ng/ml
