study	individual	group	count	intervention	measurement_type	substance	tissue	method	label	time	time_unit	value	mean	mean_pm	mean_sd	mean_se	comments	timeraw	mean_unit	value_unit
Coskun2018		mad	33.0	TIR_mad1_5	concentration	tirzepatide	plasma	HPLC MS/MS	tirzepatide_mad1_5	0.0	hr	1.5	1.90806770432691e-05	105.014078405892	2.73577447053595e-06	4.7623720705433877e-07	low quality plot, FDA	0.0	mole/meter^3	ng/ml
Coskun2018		mad	33.0	TIR_mad1_5	concentration	tirzepatide	plasma	HPLC MS/MS	tirzepatide_mad1_5	8.0	hr	1.5	3.818610204638678e-05	210.125622698722	5.467049312008513e-06	9.51691129228653e-07	low quality plot, FDA	8.29629629629633	mole/meter^3	ng/ml
Coskun2018		mad	33.0	TIR_mad1_5	concentration	tirzepatide	plasma	HPLC MS/MS	tirzepatide_mad1_5	24.0	hr	1.5	3.9783470363887225e-05	223.045267489712	6.5537097308151176e-06	1.1408544277543433e-06	low quality plot, FDA	21.4320987654321	mole/meter^3	ng/ml
Coskun2018		mad	33.0	TIR_mad1_5	concentration	tirzepatide	plasma	HPLC MS/MS	tirzepatide_mad1_5	72.0	hr	1.5	3.360772947439622e-05	188.087502707386	5.467049312008409e-06	9.516911292286363e-07	low quality plot, FDA	71.2098765432099	mole/meter^3	ng/ml
Coskun2018		mad	33.0	TIR_mad1_5	concentration	tirzepatide	plasma	HPLC MS/MS	tirzepatide_mad1_5	168.0	hr	1.5	1.908067704326902e-05	115.540394195365	4.922594195339405e-06	8.569136587458074e-07	low quality plot, FDA	167.308641975309	mole/meter^3	ng/ml
Coskun2018		mad	33.0	TIR_mad1_5	concentration	tirzepatide	plasma	HPLC MS/MS	tirzepatide_mad1_5	336.0	hr	1.5	3.2284838529761233e-06	39.213775178687	4.918094566275914e-06	8.561303738657663e-07	low quality plot, FDA	334.617283950617	mole/meter^3	ng/ml
