study	individual	group	count	intervention	measurement_type	substance	tissue	method	label	time	time_unit	value	mean	mean_pm	mean_sd	mean_se	comments	timeraw	mean_unit	value_unit
Coskun2018		mad	33.0	TIR_mad10	concentration	tirzepatide	plasma	HPLC MS/MS	tirzepatide_mad10	0.0	hr	10.0	0.00011202051534741324	612.88715616201	1.5305488259092076e-05	2.664343519400203e-06	low quality plot, FDA	0.0	mole/meter^3	ng/ml
Coskun2018		mad	33.0	TIR_mad10	concentration	tirzepatide	plasma	HPLC MS/MS	tirzepatide_mad10	8.0	hr	10.0	0.00023937576654283025	1449.61013645224	6.177765722569584e-05	1.0754109760283698e-05	low quality plot, FDA	7.60493827160494	mole/meter^3	ng/ml
Coskun2018		mad	33.0	TIR_mad10	concentration	tirzepatide	plasma	HPLC MS/MS	tirzepatide_mad10	24.0	hr	10.0	0.00029289885425175347	1641.44466103531	4.810778413114292e-05	8.374490294772087e-06	low quality plot, FDA	24.1975308641975	mole/meter^3	ng/ml
Coskun2018		mad	33.0	TIR_mad10	concentration	tirzepatide	plasma	HPLC MS/MS	tirzepatide_mad10	72.0	hr	10.0	0.0002670507350971585	1324.92960797054	8.200573968012747e-06	1.4275366938429743e-06	low quality plot, FDA	71.2098765432099	mole/meter^3	ng/ml
Coskun2018		mad	33.0	TIR_mad10	concentration	tirzepatide	plasma	HPLC MS/MS	tirzepatide_mad10	168.0	hr	10.0	0.00018527672631379506	1070.79272254711	3.717818513618933e-05	6.471891321194791e-06	low quality plot, FDA	168.0	mole/meter^3	ng/ml
Coskun2018		mad	33.0	TIR_mad10	concentration	tirzepatide	plasma	HPLC MS/MS	tirzepatide_mad10	336.0	hr	10.0	6.281482172480513e-05	333.950617283951	6.5627089889419335e-06	1.1424209975143986e-06	low quality plot, FDA	336.0	mole/meter^3	ng/ml
Coskun2018		mad	33.0	TIR_mad10	concentration	tirzepatide	plasma	HPLC MS/MS	tirzepatide_mad10	840.0	hr	10.0	0.0	18.2044617717124	3.781938227771943e-06	6.58350941659787e-07	low quality plot, FDA	836.543209876543	mole/meter^3	ng/ml
