study	individual	group	count	intervention	measurement_type	substance	tissue	method	label	time	time_unit	value	mean	mean_pm	mean_sd	mean_se	comments	timeraw	mean_unit	value_unit
Coskun2018		poc	53.0	TIR_poc15	concentration	tirzepatide	plasma	HPLC MS/MS	tirzepatide_poc15	0.0	hr	15.0	9.361802923145647e-05	529.113924050633	5.680195032020969e-05	7.802347929369422e-06	low quality plot, FDA	2.08171767344976	mole/meter^3	ng/ml
Coskun2018		poc	53.0	TIR_poc15	concentration	tirzepatide	plasma	HPLC MS/MS	tirzepatide_poc15	8.0	hr	15.0	0.00018092473064955632	1144.30379746836	5.680195032020969e-05	7.802347929369422e-06	low quality plot, FDA	12.7684665918923	mole/meter^3	ng/ml
Coskun2018		poc	53.0	TIR_poc15	concentration	tirzepatide	plasma	HPLC MS/MS	tirzepatide_poc15	24.0	hr	15.0	0.00025455688847204964	1529.11392405063	6.31132781335663e-05	8.66927547707712e-06	low quality plot, FDA	27.6007050152219	mole/meter^3	ng/ml
Coskun2018		poc	53.0	TIR_poc15	concentration	tirzepatide	plasma	HPLC MS/MS	tirzepatide_poc15	72.0	hr	15.0	0.00024508989675201573	1392.40506329114	4.417929469349627e-05	6.06849283395398e-06	low quality plot, FDA	76.0275596859478	mole/meter^3	ng/ml
Coskun2018		poc	53.0	TIR_poc15	concentration	tirzepatide	plasma	HPLC MS/MS	tirzepatide_poc15	168.0	hr	15.0	0.0001462124276760951	777.215189873418	1.5252375548945212e-05	2.095074906960302e-06	low quality plot, FDA	170.252203172568	mole/meter^3	ng/ml
Coskun2018		poc	53.0	TIR_poc15	concentration	tirzepatide	plasma	HPLC MS/MS	tirzepatide_poc15	336.0	hr	15.0	4.943873453796022e-05	275.949367088607	7.889159766695731e-06	1.0836594346346347e-06	low quality plot, FDA	335.766704053837	mole/meter^3	ng/ml
Coskun2018		poc	53.0	TIR_poc15	concentration	tirzepatide	plasma	HPLC MS/MS	tirzepatide_poc15	840.0	hr	15.0	0.0	17.7215189873416	3.6816078911246574e-06	5.057077361628261e-07	low quality plot, FDA	840.269187630187	mole/meter^3	ng/ml
