study	individual	group	count	intervention	measurement_type	substance	tissue	method	label	time	time_unit	value	mean	mean_pm	mean_sd	mean_se	comments	timeraw	mean_unit	value_unit
Coskun2018		mad	33.0	TIR_mad4_5	concentration	tirzepatide	plasma	HPLC MS/MS	tirzepatide_mad4_5	0.0	hr	4.5	8.25029486916307e-05	483.950617283951	1.8036763100564575e-05	3.1397974415745047e-06	low quality plot, FDA	0.0	mole/meter^3	ng/ml
Coskun2018		mad	33.0	TIR_mad4_5	concentration	tirzepatide	plasma	HPLC MS/MS	tirzepatide_mad4_5	8.0	hr	4.5	0.0001480760430322888	839.072991119775	2.6239586883108996e-05	4.567725777857483e-06	low quality plot, FDA	7.60493827160494	mole/meter^3	ng/ml
Coskun2018		mad	33.0	TIR_mad4_5	concentration	tirzepatide	plasma	HPLC MS/MS	tirzepatide_mad4_5	24.0	hr	4.5	0.00018629589229665088	1130.92917478882	4.8652239247812053e-05	8.469267765254937e-06	low quality plot, FDA	22.8148148148148	mole/meter^3	ng/ml
Coskun2018		mad	33.0	TIR_mad4_5	concentration	tirzepatide	plasma	HPLC MS/MS	tirzepatide_mad4_5	72.0	hr	4.5	0.00013967073594189228	817.034871128439	3.006652140151494e-05	5.233909568317535e-06	low quality plot, FDA	70.5185185185185	mole/meter^3	ng/ml
Coskun2018		mad	33.0	TIR_mad4_5	concentration	tirzepatide	plasma	HPLC MS/MS	tirzepatide_mad4_5	168.0	hr	4.5	7.757585486722813e-05	444.476933073424	1.476328295695458e-05	2.5699576913573563e-06	low quality plot, FDA	168.0	mole/meter^3	ng/ml
Coskun2018		mad	33.0	TIR_mad4_5	concentration	tirzepatide	plasma	HPLC MS/MS	tirzepatide_mad4_5	336.0	hr	4.5	4.0406668989165536e-05	249.772579597141	1.148305336974948e-05	1.9989430138201656e-06	low quality plot, FDA	333.925925925926	mole/meter^3	ng/ml
Coskun2018		mad	33.0	TIR_mad4_5	concentration	tirzepatide	plasma	HPLC MS/MS	tirzepatide_mad4_5	840.0	hr	4.5	0.0	18.2044617717124	3.781938227771943e-06	6.58350941659787e-07	low quality plot, FDA	837.234567901235	mole/meter^3	ng/ml
