study	individual	group	count	intervention	measurement_type	substance	tissue	method	label	time	time_unit	value	mean	mean_pm	mean_sd	mean_se	comments	timeraw	mean_unit	value_unit
Coskun2018		sad	56.0	TIR_sad0_25	concentration	tirzepatide	plasma	HPLC MS/MS	tirzepatide_sad0_25	0.0	hr	0.25	0.0	1.9082001031461	3.964245143210166e-07	5.2974454010982173e-08	EMA	0.0	mole/meter^3	ng/ml
Coskun2018		sad	56.0	TIR_sad0_25	concentration	tirzepatide	plasma	HPLC MS/MS	tirzepatide_sad0_25	8.0	hr	0.25	2.6397051274549617e-06	21.6413099535846	1.856231002867897e-06	2.480493015514092e-07	EMA	7.88447653429603	mole/meter^3	ng/ml
Coskun2018		sad	56.0	TIR_sad0_25	concentration	tirzepatide	plasma	HPLC MS/MS	tirzepatide_sad0_25	12.0	hr	0.25	4.9017355486986775e-06	28.9453326456935	1.1115957665081342e-06	1.485432325307788e-07	EMA	24.2599277978339	mole/meter^3	ng/ml
Coskun2018		sad	56.0	TIR_sad0_25	concentration	tirzepatide	plasma	HPLC MS/MS	tirzepatide_sad0_25	24.0	hr	0.25	5.6972631213563154e-06	34.5667870036102	1.4839133846880467e-06	1.9829626704109834e-07	EMA	48.5198555956679	mole/meter^3	ng/ml
Coskun2018		sad	56.0	TIR_sad0_25	concentration	tirzepatide	plasma	HPLC MS/MS	tirzepatide_sad0_25	48.0	hr	0.25	5.379855655497975e-06	31.253223310985	1.1129350385159987e-06	1.4872220028081886e-07	EMA	72.7797833935018	mole/meter^3	ng/ml
Coskun2018		sad	56.0	TIR_sad0_25	concentration	tirzepatide	plasma	HPLC MS/MS	tirzepatide_sad0_25	72.0	hr	0.25	5.062448189639613e-06	29.718927282104	1.1115957665081342e-06	1.485432325307788e-07	EMA	97.0397111913357	mole/meter^3	ng/ml
Coskun2018		sad	56.0	TIR_sad0_25	concentration	tirzepatide	plasma	HPLC MS/MS	tirzepatide_sad0_25	96.0	hr	0.25	4.372723105601402e-06	22.8210417741107	3.6829980215640215e-07	4.921613126021003e-08	EMA	120.693140794224	mole/meter^3	ng/ml
Coskun2018		sad	56.0	TIR_sad0_25	concentration	tirzepatide	plasma	HPLC MS/MS	tirzepatide_sad0_25	168.0	hr	0.25	3.3642512836970273e-06	17.9860752965446	3.723176181798294e-07	4.975303451030856e-08	EMA	168.0	mole/meter^3	ng/ml
Coskun2018		sad	56.0	TIR_sad0_25	concentration	tirzepatide	plasma	HPLC MS/MS	tirzepatide_sad0_25	336.0	hr	0.25	1.8816771710168676e-06	12.6289324394018	7.419566923439902e-07	9.91481335205447e-08	EMA	336.606498194946	mole/meter^3	ng/ml
