study	individual	group	count	intervention	measurement_type	substance	tissue	method	label	time	time_unit	value	mean	mean_pm	mean_sd	mean_se	comments	timeraw	mean_unit	value_unit
Coskun2018		mad	33.0	TIR_mad0_5	concentration	tirzepatide	plasma	HPLC MS/MS	tirzepatide_mad0_5	0.0	hr	0.5	8.14657841925214e-06	55.0140784058915	3.2824794017368137e-06	5.71406319977208e-07	low quality plot, FDA	0.0	mole/meter^3	ng/ml
Coskun2018		mad	33.0	TIR_mad0_5	concentration	tirzepatide	plasma	HPLC MS/MS	tirzepatide_mad0_5	8.0	hr	0.5	1.3584380142348574e-05	96.96772796188	6.560459174410219e-06	1.142029355074383e-06	low quality plot, FDA	8.29629629629633	mole/meter^3	ng/ml
Coskun2018		mad	33.0	TIR_mad0_5	concentration	tirzepatide	plasma	HPLC MS/MS	tirzepatide_mad0_5	24.0	hr	0.5	1.6263909249592346e-05	104.602555772147	5.467049312008471e-06	9.516911292286447e-07	low quality plot, FDA	24.8888888888889	mole/meter^3	ng/ml
Coskun2018		mad	33.0	TIR_mad0_5	concentration	tirzepatide	plasma	HPLC MS/MS	tirzepatide_mad0_5	72.0	hr	0.5	1.5568716559299825e-05	93.3506606021224	3.824684703874228e-06	6.657921480200361e-07	low quality plot, FDA	70.5185185185185	mole/meter^3	ng/ml
Coskun2018		mad	33.0	TIR_mad0_5	concentration	tirzepatide	plasma	HPLC MS/MS	tirzepatide_mad0_5	168.0	hr	0.5	8.695533164984637e-06	60.2772363006281	3.826934518405984e-06	6.661837904600597e-07	low quality plot, FDA	166.617283950617	mole/meter^3	ng/ml
Coskun2018		mad	33.0	TIR_mad0_5	concentration	tirzepatide	plasma	HPLC MS/MS	tirzepatide_mad0_5	336.0	hr	0.5	2.684028736306953e-06	31.3298678795752	3.8246847038742685e-06	6.657921480200443e-07	low quality plot, FDA	333.925925925926	mole/meter^3	ng/ml
