study	individual	group	count	intervention	measurement_type	substance	tissue	method	label	time	time_unit	value	mean	mean_pm	mean_sd	mean_se	comments	timeraw	mean_unit	value_unit
Coskun2018		poc	53.0	TIR_poc5	concentration	tirzepatide	plasma	HPLC MS/MS	tirzepatide_poc5	0.0	hr	5.0	7.205432586915478e-05	389.873417721519	8.941047735588519e-06	1.2281473592525898e-06	low quality plot, FDA	0.726806601506155	mole/meter^3	ng/ml
Coskun2018		poc	53.0	TIR_poc5	concentration	tirzepatide	plasma	HPLC MS/MS	tirzepatide_poc5	8.0	hr	5.0	0.00010729257282706256	643.037974683545	2.6297199222319308e-05	3.6121981154487965e-06	low quality plot, FDA	9.12546066335526	mole/meter^3	ng/ml
Coskun2018		poc	53.0	TIR_poc5	concentration	tirzepatide	plasma	HPLC MS/MS	tirzepatide_poc5	24.0	hr	5.0	0.0001278043882204716	716.455696202532	2.1037759377855365e-05	2.889758492359054e-06	low quality plot, FDA	26.488062810447	mole/meter^3	ng/ml
Coskun2018		poc	53.0	TIR_poc5	concentration	tirzepatide	plasma	HPLC MS/MS	tirzepatide_poc5	72.0	hr	5.0	0.00011044823673374078	640.506329113924	2.261559133119457e-05	3.106490379285958e-06	low quality plot, FDA	74.3944880628105	mole/meter^3	ng/ml
Coskun2018		poc	53.0	TIR_poc5	concentration	tirzepatide	plasma	HPLC MS/MS	tirzepatide_poc5	168.0	hr	5.0	7.468404579138665e-05	450.632911392405	1.893398344006985e-05	2.60078264312314e-06	low quality plot, FDA	169.480531966031	mole/meter^3	ng/ml
Coskun2018		poc	53.0	TIR_poc5	concentration	tirzepatide	plasma	HPLC MS/MS	tirzepatide_poc5	336.0	hr	5.0	2.682314320676564e-05	159.493670886076	6.31132781335661e-06	8.66927547707712e-07	low quality plot, FDA	335.246274635475	mole/meter^3	ng/ml
Coskun2018		poc	53.0	TIR_poc5	concentration	tirzepatide	plasma	HPLC MS/MS	tirzepatide_poc5	840.0	hr	5.0	1.0518879688926978e-06	20.2531645569618	3.1556639066783254e-06	4.334637738538581e-07	low quality plot, FDA	839.515462265662	mole/meter^3	ng/ml
