study	individual	group	count	intervention	measurement_type	substance	tissue	method	label	time	time_unit	value	mean	mean_pm	mean_sd	mean_se	comments	timeraw	mean_unit	value_unit
Coskun2018		poc	53.0	TIR_poc10	concentration	tirzepatide	plasma	HPLC MS/MS	tirzepatide_poc10	0.0	hr	10.0	8.30991495425288e-05	448.101265822785	9.99293570448133e-06	1.3726352838705444e-06	low quality plot, FDA	0.206377183143729	mole/meter^3	ng/ml
Coskun2018		poc	53.0	TIR_poc10	concentration	tirzepatide	plasma	HPLC MS/MS	tirzepatide_poc10	8.0	hr	10.0	0.00018039878666511	1073.41772151899	4.260146274015727e-05	5.8517609470270554e-06	low quality plot, FDA	9.66383592373018	mole/meter^3	ng/ml
Coskun2018		poc	53.0	TIR_poc10	concentration	tirzepatide	plasma	HPLC MS/MS	tirzepatide_poc10	24.0	hr	10.0	0.00022510402534305305	1410.12658227848	6.784677399358372e-05	9.319471137857916e-06	low quality plot, FDA	26.7303316776158	mole/meter^3	ng/ml
Coskun2018		poc	53.0	TIR_poc10	concentration	tirzepatide	plasma	HPLC MS/MS	tirzepatide_poc10	72.0	hr	10.0	0.00018460633854068109	1106.32911392405	4.523118266238914e-05	6.212980758571937e-06	low quality plot, FDA	74.2419484057043	mole/meter^3	ng/ml
Coskun2018		poc	53.0	TIR_poc10	concentration	tirzepatide	plasma	HPLC MS/MS	tirzepatide_poc10	168.0	hr	10.0	0.00011728550853154391	711.392405063291	3.0504751097890384e-05	4.190149813920604e-06	low quality plot, FDA	169.498477808044	mole/meter^3	ng/ml
Coskun2018		poc	53.0	TIR_poc10	concentration	tirzepatide	plasma	HPLC MS/MS	tirzepatide_poc10	336.0	hr	10.0	4.365335070904994e-05	245.569620253164	7.363215782249399e-06	1.0114154723256668e-06	low quality plot, FDA	336.242268867169	mole/meter^3	ng/ml
Coskun2018		poc	53.0	TIR_poc10	concentration	tirzepatide	plasma	HPLC MS/MS	tirzepatide_poc10	840.0	hr	10.0	1.0518879688926978e-06	20.2531645569618	3.1556639066783254e-06	4.334637738538581e-07	low quality plot, FDA	840.93318378465	mole/meter^3	ng/ml
